{"cameraMode":{"drawMode":0,"name":"Shaded","section":"Shading Mode"},"sceneLighting":false,"audioPlay":false,"sceneViewState":{"m_AlwaysRefresh":false,"showFog":true,"showSkybox":false,"showFlares":true,"showImageEffects":true,"showParticleSystems":true,"showVisualEffectGraphs":true,"m_FxEnabled":true},"in2DMode":false,"pivot":{"x":1.8843004703521729,"y":-0.04953368753194809,"z":-0.538975715637207},"rotation":{"x":0.019755592569708825,"y":0.08421936631202698,"z":-0.0014816491166129709,"w":0.9963188171386719},"size":1.2958507537841797,"orthographic":false}